dataset,method,f1,precision,recall,auprc
pilot_simulated,scDblFinder,0.7575757575757575,0.9615384615384616,0.625,0.9294707137274884
sim_easy_13pct,Scrublet,0.8421052631578948,0.8888888888888888,0.8,0.8993798972126236
sim_homotypic_13pct,scDblFinder,0.6285714285714286,0.7333333333333333,0.55,0.766881620954886
sim_low_rate_3pct,Scrublet,0.9473684210526316,1.0,0.9,0.9089285714285712
sim_subtle_13pct,scDblFinder,0.9367088607594936,0.9487179487179488,0.925,0.9796333293188116
